claude-sonnet-4,gemini-2.5-flash,gemma3:1b,gemma3:4b,gemma3:12b,gemma3:27b,gpt-5-nano,gpt-oss-20b
0.8932986337020169,0.9160702667534157,0.2953529603122967,0.7833018867924528,0.85317664281067,0.847304814573845,0.9453480806766428,0.9453480806766428
0.8015614834092388,0.8041639557579701,0.3153171763175016,0.7868249837345478,0.8267534157449576,0.8097251138581653,0.8301886792452831,0.8360442420299284
0.4933255948926291,0.7312947299934938,0.4562260591990714,0.7589799767846779,0.6819820081253626,0.7354091700522345,0.6037735849056604,0.651031894934334
